drug	Target	k	method	TotCost	dec	inc	pv
(5Z)-7-Oxozeaenol	TAK1, MAP3K7	2	combined	120.186638	TP53_mut	CDKN2A_del	0.009901
(5Z)-7-Oxozeaenol	TAK1, MAP3K7	5	combined2	155.163175	TP53_mut,BIRC5_mut	BRAF_mut,NRAS_mut,CAMK2D_mut	0.009901
5-Fluorouracil	Antimetabolite (DNA & RNA), TYMS	2	combined	65.1575	TP53_mut	TP53BP1_mut	0.009901
5-Fluorouracil	Antimetabolite (DNA & RNA), TYMS	4	combined	76.929522	TP53_mut	MYC_mut,NRAS_mut,KIT_mut	0.009901
681640	WEE1, CHEK1	5	combined	63.826137	OR2G6_mut,OR4C11_del	OR10W1_mut,OR10G2_mut,OR51B5_del	0.049505
A-770041	LCK, FYN	2	combined	31.795988	RB1_mut	CDKN2A_del	0.019802
Afatinib (1)	ERBB2, EGFR	1	combined	52.60301		GRB7_amp	0.009901
Afatinib (1)	ERBB2, EGFR	5	combined	111.641422	KRAS_mut,NRAS_mut	EGFR_amp,ERBB2_amp,ARAF_del	0.009901
Afatinib (1)	ERBB2, EGFR	3	combined2	90.962402	RB1_mut	EGFR_amp,ERBB2_amp	0.009901
Afatinib (1)	ERBB2, EGFR	5	combined2	112.148332	KRAS_mut,NRAS_mut	EGFR_amp,ERBB2_amp,FOXP3_del	0.009901
Afatinib (2)	ERBB2, EGFR	5	combined	109.469143	BRAF_mut,KRAS_mut,NRAS_mut	EGFR_amp,ERBB2_amp	0.009901
Afatinib (2)	ERBB2, EGFR	2	combined2	78.485497	HMCN1_mut	GRB7_amp	0.009901
Afatinib (2)	ERBB2, EGFR	4	combined2	101.124267	BRAF_mut,KRAS_mut,NRAS_mut	GRB7_amp	0.009901
AKT inhibitor VIII (1)	AKT1, AKT2, AKT3	5	combined	86.938915	KRAS_mut,NRAS_mut,PDGFRA_del	PIK3CA_mut,ERBB2_amp	0.009901
AKT inhibitor VIII (1)	AKT1, AKT2, AKT3	5	combined2	89.183943	KRAS_mut,NRAS_mut	PIK3CA_mut,ITGA1_mut,ERBB2_amp	0.009901
AKT inhibitor VIII (2)	AKT1, AKT2, AKT3	2	combined	58.719348	MUC16_mut	MUC5B_mut	0.009901
AKT inhibitor VIII (2)	AKT1, AKT2, AKT3	3	combined	67.918615	MXD1_amp	DNMT1_mut,HDAC2_mut	0.009901
AKT inhibitor VIII (2)	AKT1, AKT2, AKT3	2	combined2	69.875505	MUC16_mut	TLN1_mut	0.009901
AKT inhibitor VIII (2)	AKT1, AKT2, AKT3	4	combined2	85.989268	MUC16_mut	MYC_mut,TSC2_mut,ERBB2_amp	0.009901
AKT inhibitor VIII (2)	AKT1, AKT2, AKT3	5	combined2	92.851105	MUC16_mut	MYC_mut,TSC2_mut,MED1_amp,CDKN1B_del	0.009901
Alectinib	ALK	5	combined	79.01851	TTN_mut	ACTN2_mut,APP_mut,MYH8_del,TIMP1_del	0.029703
Alectinib	ALK	5	combined2	87.312153	TTN_mut	ADCY1_mut,APP_mut,CYSLTR1_del,MCHR2_del	0.029703
Amuvatinib	KIT, PDGFRA, FLT3	2	combined	50.672422	TP53_mut	ARID1A_mut	0.049505
AR-42	HDAC1	4	combined	80.396221	PIK3CA_mut,STK11_del	MYC_mut,NRAS_mut	0.009901
AR-42	HDAC1	5	combined	94.856601	CDKN2A_del,PIK3R1_del	MYC_mut,NRAS_mut,TEK_mut	0.009901
AR-42	HDAC1	2	combined2	73.96149	TTN_mut	MINK1_del	0.009901
AR-42	HDAC1	3	combined2	81.999817	TTN_mut	MYC_mut,MAPK7_mut	0.009901
AR-42	HDAC1	5	combined2	97.950741	TTN_mut	MYC_mut,NRAS_mut,MAPK8_mut,IL2RB_mut	0.009901
AS601245	JNK1, JNK2, JNK2	3	combined	69.175891	RB1_mut	UBN1_mut,CDKN2A_del	0.009901
AS601245	JNK1, JNK2, JNK2	3	combined2	74.212846	MYO18B_mut	TFDP1_mut,CDKN2A_del	0.009901
AS605240	PI3Kgamma, PIK3CG	5	combined	102.250412	TP53_mut	BRAF_mut,KRAS_mut,NRAS_mut,PIK3CG_del	0.009901
AT-7519	CDK1, CDK2, CDK4, CDK6, CDK9	3	combined	71.395956	ADAM22_amp	NRAS_mut,YWHAB_mut	0.009901
AT-7519	CDK1, CDK2, CDK4, CDK6, CDK9	5	combined	79.695198	MXD1_amp	MYC_mut,ITGB1_mut,MAX_mut,RBBP7_del	0.009901
AT-7519	CDK1, CDK2, CDK4, CDK6, CDK9	3	combined2	93.672242	ADAM22_amp	EGR1_mut,MYC_mut	0.009901
AT-7519	CDK1, CDK2, CDK4, CDK6, CDK9	5	combined2	107.245649	ADAM22_amp	MYC_mut,NRAS_mut,KIT_mut,IL2_del	0.009901
Avagacestat (1)	Amyloid beta20, Amyloid beta40	1	combined	39.899818		MTAP_del	0.019802
Axitinib	PDGFR, KIT, VEGFR, PDGFRB, KDR	2	combined2	68.463624	MUC16_mut	MTAP_del	0.019802
AZ628	BRAF	2	combined	45.517959	TP53_mut	CDKN2A_del	0.009901
AZ628	BRAF	4	combined	71.394476	TP53_mut	BRAF_mut,KRAS_mut,NRAS_mut	0.009901
AZ628	BRAF	5	combined	74.957993	TP53_mut	BRAF_mut,NRAS_mut,PTPN11_mut,KRAS_amp	0.009901
AZD6482 (1)	PI3Kbeta, PIK3CB	4	combined	71.601151	KRAS_mut,CTNNB1_del,FYN_del	PTEN_mut	0.009901
AZD6482 (1)	PI3Kbeta, PIK3CB	5	combined	80.857438	KRAS_mut,HIF1A_mut,FYN_del	PTEN_mut,ANGPT2_del	0.009901
AZD6482 (1)	PI3Kbeta, PIK3CB	3	combined2	72.299228	MUC4_mut	PTEN_mut,CDKN1B_del	0.009901
AZD6482 (1)	PI3Kbeta, PIK3CB	4	combined2	78.609503	MUC4_mut	PTEN_mut,FOS_mut,ESR2_mut	0.009901
AZD6482 (2)	PI3Kbeta, PIK3CB	5	combined	71.824885	SMAD4_mut,HIF1A_mut,COPS5_del	VHL_mut,ASPH_mut	0.049505
AZD7762	CHEK1, CHEK2	1	combined	37.626975	FLG_mut		0.009901
AZD7762	CHEK1, CHEK2	4	combined	66.805012	SGK1_mut,FOXO1_del,SMAD4_del	CREBBP_mut	0.009901
AZD7762	CHEK1, CHEK2	5	combined	74.148699	AR_mut,ERBB2_amp,IRF2_del	CREBBP_mut,CD44_mut	0.009901
AZD8055	MTORC1, MTORC2, MTOR, RPTOR	1	combined2	38.473545	ADAM22_amp		0.009901
BAY-61-3606	SYK	4	combined	89.59441	TP53_mut	CREBBP_mut,MYC_mut,GSK3B_mut	0.009901
BAY-61-3606	SYK	5	combined	93.851062	TP53_mut	MYC_mut,GSK3B_mut,STAT5B_mut,MYC_amp	0.009901
BAY-61-3606	SYK	5	combined2	91.835615	TP53_mut	MYC_mut,TFDP2_mut,MAML3_mut,MYC_amp	0.009901
Belinostat	HDAC1	4	combined	77.80917	CDKN2A_del	MYC_mut,MAPK7_mut,TP53_del	0.009901
Belinostat	HDAC1	5	combined	92.744636	CDKN2A_del,PIK3R1_del	MYC_mut,NRAS_mut,TEK_mut	0.009901
Belinostat	HDAC1	2	combined2	67.089684	TTN_mut	MINK1_del	0.009901
Belinostat	HDAC1	3	combined2	77.557604	TTN_mut	MYC_mut,MAPK7_mut	0.009901
Belinostat	HDAC1	4	combined2	89.693715	TTN_mut	MYC_mut,NRAS_mut,KIT_mut	0.009901
Bicalutamide (1)	AR	2	combined2	64.268983	RYR2_mut	IFNA6_del	0.039604
Bicalutamide (1)	AR	5	combined2	81.032938	RYR2_mut,CALM1_del	NPY2R_mut,GNAI3_mut,PDE10A_del	0.039604
BIX02189	MEK5, ERK5, MAP2K5, MAPK7	2	combined	62.740159	MUC16_mut	MUC6_mut	0.009901
Bleomycin	dsDNA break induction	3	combined	82.503879	TP53_mut	UBN1_mut,CDKN2A_del	0.009901
Bleomycin	dsDNA break induction	4	combined	83.095383	TP53_mut	SP3_mut,SP1_mut,CDKN2A_del	0.009901
Bleomycin	dsDNA break induction	5	combined	89.171854	TP53_mut	CDC25A_mut,ETS2_mut,MAX_mut,CDKN2A_del	0.009901
Bleomycin	dsDNA break induction	3	combined2	83.050321	ADAM22_amp	SP1_mut,CDKN2A_del	0.009901
Bleomycin	dsDNA break induction	4	combined2	85.732721	ADAM22_amp	CCND3_mut,MED13L_mut,CDKN2A_del	0.009901
Bleomycin	dsDNA break induction	5	combined2	90.183182	OR52H1_mut,OR2T11_del,OR10G2_del,OR2A4_del	CDKN2A_del	0.009901
Bleomycin (50 uM)	dsDNA break induction	3	combined	126.267296	TP53_mut	ANKRD2_mut,CDKN2A_del	0.009901
Bleomycin (50 uM)	dsDNA break induction	3	combined2	122.54487	TP53_mut	ABL1_mut,CDKN2A_del	0.009901
Bleomycin (50 uM)	dsDNA break induction	4	combined2	124.547501	TP53_mut	CASP8_mut,BCL2L1_mut,CDKN2A_del	0.009901
BMS-345541	IKK1, IKK2, CHUK,  IKBKB	3	combined	70.630915	ADAM22_amp	NRAS_mut,YWHAB_mut	0.009901
BMS-345541	IKK1, IKK2, CHUK,  IKBKB	2	combined2	78.32478	ADAM22_amp	PRSS1_del	0.009901
BMS-345541	IKK1, IKK2, CHUK,  IKBKB	3	combined2	85.008454	ADAM22_amp	NOTCH1_mut,MYC_mut	0.009901
BMS-345541	IKK1, IKK2, CHUK,  IKBKB	5	combined2	94.596371	ADAM22_amp	MYC_mut,NRAS_mut,KIT_mut,IL2RG_del	0.009901
BMS-509744	ITK	4	combined	48.199923	RB1_mut,TP53_del	SP100_mut,CDKN2A_del	0.009901
BMS-536924 (1)	IGF1R, IR, INSR	2	combined	31.43848	RB1_mut	CDKN2A_del	0.039604
BMS-536924 (2)	IGF1R, IR, INSR	2	combined	54.956455	LRP2_mut	APOB_mut	0.009901
BMS-754807	IGF1R, IR, INSR	5	combined	73.242096	PTEN_mut,ERBB2_amp,PTEN_del	KRAS_mut,NRAS_mut	0.019802
Bosutinib	SRC, ABL, TEC, ABL1	4	combined	65.769675	RB1_mut,RBBP7_del,TFDP1_del	CDKN2A_del	0.019802
Bosutinib	SRC, ABL, TEC, ABL1	5	combined2	77.897539	RB1_mut,RBL2_mut,TFDP1_del	KDM6B_mut,CDKN2A_del	0.019802
BX-912	PDK1 (PDPK1)	2	combined	69.155306	MUC16_mut	MUC5B_mut	0.009901
BX-912	PDK1 (PDPK1)	5	combined	85.252207	TP53_mut	MYC_mut,NRAS_mut,KIT_mut,KAT2B_del	0.009901
BX-912	PDK1 (PDPK1)	2	combined2	83.807719	MUC16_mut	MACF1_mut	0.009901
BX-912	PDK1 (PDPK1)	3	combined2	91.861217	MUC16_mut	KIAA1524_mut,MYC_mut	0.009901
BX-912	PDK1 (PDPK1)	5	combined2	110.481787	MUC16_mut	MYC_mut,NRAS_mut,KIT_mut,PIK3R1_del	0.009901
BX796	TBK1, PDK1 (PDPK1), IKK, AURKB, AURKC	3	combined	80.139443	TP53_mut	USP11_mut,CDKN2A_del	0.009901
BX796	TBK1, PDK1 (PDPK1), IKK, AURKB, AURKC	4	combined	81.057278	TP53_mut	SP1_mut,MYCN_amp,CDKN2A_del	0.009901
BX796	TBK1, PDK1 (PDPK1), IKK, AURKB, AURKC	4	combined2	84.222156	MUC16_mut	SP1_mut,MYCN_amp,CDKN2A_del	0.009901
BX796	TBK1, PDK1 (PDPK1), IKK, AURKB, AURKC	5	combined2	87.244377	BRAF_mut,KRAS_mut,ERBB2_amp	MYCN_amp,CDKN2A_del	0.009901
Cabozantinib	VEGFR, MET, RET, KIT, FLT1, FLT3, FLT4, TIE2,AXL, KDR, TEK	2	combined	60.841886	MUC16_mut	MUC6_mut	0.009901
Cabozantinib	VEGFR, MET, RET, KIT, FLT1, FLT3, FLT4, TIE2,AXL, KDR, TEK	2	combined2	88.329026	MUC16_mut	MTAP_del	0.009901
Cabozantinib	VEGFR, MET, RET, KIT, FLT1, FLT3, FLT4, TIE2,AXL, KDR, TEK	3	combined2	90.296958	MUC16_mut	IFNB1_mut,IFNA8_del	0.009901
Cabozantinib	VEGFR, MET, RET, KIT, FLT1, FLT3, FLT4, TIE2,AXL, KDR, TEK	4	combined2	98.196193	MUC16_mut	CDK2_mut,CDKN2A_del,RBL2_del	0.009901
Cabozantinib	VEGFR, MET, RET, KIT, FLT1, FLT3, FLT4, TIE2,AXL, KDR, TEK	5	combined2	101.865416	MUC16_mut	SHC1_mut,EPOR_mut,CBL_mut,MET_amp	0.009901
Camptothecin	TOP1	4	combined	94.515877	TP53_mut	MYC_mut,CDKN2A_del,KAT2B_del	0.009901
Camptothecin	TOP1	5	combined	97.965739	TP53_mut	SP1_mut,MYCN_amp,CDKN2A_del,PPARG_del	0.009901
Camptothecin	TOP1	4	combined2	96.059234	TP53_mut	CREBBP_mut,HIST1H1E_mut,KAT2B_del	0.009901
Camptothecin	TOP1	5	combined2	99.887166	OR10Q1_mut,OR4C15_mut,OR51G1_mut,OR4C11_del	CDKN2A_del	0.009901
CAY10603	HDAC1, HDAC6	3	combined	72.964976	TTN_mut	TLN1_mut,SORBS1_del	0.009901
CAY10603	HDAC1, HDAC6	4	combined	79.910778	PIK3CA_mut,STK11_del	MYC_mut,NRAS_mut	0.009901
CAY10603	HDAC1, HDAC6	5	combined	97.052508	KRAS_mut,CCND1_amp,STK11_del	MYC_mut,NRAS_mut	0.009901
CAY10603	HDAC1, HDAC6	3	combined2	83.925542	TTN_mut	MYC_mut,SMARCA2_mut	0.009901
CAY10603	HDAC1, HDAC6	4	combined2	103.093557	TTN_mut	MYC_mut,NRAS_mut,KIT_mut	0.009901
CCT-018159	HSP90, HSP90AA1, HSP90AB1	3	combined2	67.339534	ARHGEF17_mut,DLC1_del	CHD8_mut	0.039604
CCT007093	PPM1D	3	combined	71.057625	CREBBP_mut	STAT5B_mut,JAK2_del	0.009901
CCT007093	PPM1D	5	combined2	89.974605	CREBBP_mut,CD36_mut	VHL_mut,SPRY2_mut,SH3GL2_del	0.009901
CGP-082996	CDK4	5	combined	52.178783	TP53_mut	TAF1_mut,MYC_mut,SMAD4_del,TBP_del	0.009901
CGP-082996	CDK4	5	combined2	54.206997	MYO18B_mut	TAF1_mut,MYC_mut,TAF4B_del,TBP_del	0.009901
CHIR-99021 (1)	GSK3A, GSK3B	3	combined	76.716106	TP53_mut	AURKA_mut,CDKN2A_del	0.009901
CHIR-99021 (1)	GSK3A, GSK3B	4	combined	76.982571	TP53_mut	HDAC2_mut,CDKN2A_del,SUZ12_del	0.009901
CHIR-99021 (1)	GSK3A, GSK3B	4	combined2	87.210015	PCLO_mut	WDR77_mut,CDKN2A_del,SUZ12_del	0.009901
CHIR-99021 (2)	GSK3A, GSK3B	5	combined	91.167746	TP53_mut	ETS2_mut,SP1_mut,MAPK14_mut,CDKN2A_del	0.009901
CI-1040	MEK1, MEK2, MAP2K1, MAP2K2	5	combined	140.851915	TP53_mut	BRAF_mut,KRAS_mut,MAP2K1_mut,NRAS_mut	0.009901
CI-1040	MEK1, MEK2, MAP2K1, MAP2K2	5	combined2	142.761339	RB1_mut,TFDP1_del	BRAF_mut,KRAS_mut,NRAS_mut	0.009901
Cisplatin	DNA crosslinker	5	combined	76.057962	TP53_mut	RB1_mut,MNAT1_mut,CDKN2A_del	0.009901
Cisplatin	DNA crosslinker	5	combined2	84.19787	UTRN_mut,EIF5A_del,XPO4_del	RB1_mut,CDKN2A_del	0.009901
CP466722	ATM	2	combined	59.15868	MUC16_mut	MUC5B_mut	0.009901
CP466722	ATM	5	combined	83.808825	BRAF_mut,RB1_mut,MAPK1_del	MYC_mut,NRAS_mut	0.009901
CP466722	ATM	2	combined2	75.074757	MUC16_mut	MTAP_del	0.009901
CP466722	ATM	3	combined2	87.549933	MUC16_mut	SHC1_mut,NRAS_mut	0.009901
CP466722	ATM	5	combined2	103.494771	MUC16_mut,GALNT11_del	MYC_mut,NRAS_mut,KIT_mut	0.009901
CP724714	ERBB2	3	combined	85.949459	NRAS_mut	BRAP_mut,ERBB2_amp	0.009901
CP724714	ERBB2	5	combined	98.949353	TIAM1_mut,NRAS_mut,RHOA_del	SYDE2_mut,ERBB2_amp	0.009901
CP724714	ERBB2	2	combined2	83.751105	USH2A_mut	GRB7_amp	0.009901
CP724714	ERBB2	3	combined2	92.988343	USH2A_mut	ERBB2_amp,PIK3CG_del	0.009901
CP724714	ERBB2	4	combined2	97.53119	USH2A_mut	EIF2AK2_mut,ERBB2_amp,STAT3_del	0.009901
CP724714	ERBB2	5	combined2	100.443753	EPHA3_mut,NRAS_mut,RHOA_del	ERBB2_amp,PIK3CG_del	0.009901
CUDC-101	HDAC1-10, EGFR, ERBB2	3	combined	76.98738	TTN_mut	TLN1_mut,PRKAR2A_del	0.009901
CUDC-101	HDAC1-10, EGFR, ERBB2	4	combined	79.024297	CDKN2A_del	MYC_mut,MAPK7_mut,TP53_del	0.009901
CUDC-101	HDAC1-10, EGFR, ERBB2	5	combined	89.10474	IL2RG_mut,CDKN2A_del	MYC_mut,NRAS_mut,PIK3R1_del	0.009901
CUDC-101	HDAC1-10, EGFR, ERBB2	3	combined2	90.555932	TTN_mut	MYC_mut,MAPK7_mut	0.009901
CUDC-101	HDAC1-10, EGFR, ERBB2	5	combined2	103.120941	TTN_mut	MYC_mut,NRAS_mut,KIT_mut,PIK3R1_del	0.009901
CX-5461	RNA Polymerase 1	2	combined	64.970371	TP53_mut	CREBBP_mut	0.009901
CX-5461	RNA Polymerase 1	5	combined	87.720516	TP53_mut	MYC_mut,NRAS_mut,KIT_mut,NF1_del	0.009901
CX-5461	RNA Polymerase 1	4	combined2	85.046133	ADAM22_amp	MYC_mut,NRAS_mut,KIT_mut	0.009901
Cytarabine	Antimetabolite	3	combined	100.646222	TP53_mut	ANKRD2_mut,CDKN2A_del	0.009901
Cytarabine	Antimetabolite	5	combined	100.902521	TP53_mut	SP1_mut,AURKA_mut,MYCN_amp,CDKN2A_del	0.009901
Cytarabine	Antimetabolite	4	combined2	105.594009	CYP2E1_del,UGT2B17_del	SP1_mut,CDKN2A_del	0.009901
Cytarabine	Antimetabolite	5	combined2	108.225491	CYP2E1_del,UGT2B17_del	CDCA7L_mut,MYC_mut,CDKN2A_del	0.009901
Dabrafenib	BRAF	2	combined	129.893314	KRAS_mut	BRAF_mut	0.009901
Dabrafenib	BRAF	4	combined	180.401171	TP53_mut	BRAF_mut,MAPK3_mut,MAPK1_del	0.009901
Dabrafenib	BRAF	5	combined	181.674308	TP53_mut,DUSP1_mut	BRAF_mut,MAP2K1_mut,MAPK1_del	0.009901
Dabrafenib	BRAF	5	combined2	182.699279	TP53_mut,MYCN_amp,CSNK2A1_del	BRAF_mut,MAP2K1_mut	0.009901
Dacinostat	HDAC1	1	combined	35.226924	ADAM22_amp		0.039604
Dactolisib	PI3K (Class 1), MTORC1, MTORC2, MTOR	4	combined	73.345651	SIRT1_mut,RB1_mut,WRN_del	CDKN2A_del	0.009901
Dactolisib	PI3K (Class 1), MTORC1, MTORC2, MTOR	5	combined	88.159774	RB1_mut,HSD17B4_mut,LPL_del	SP1_mut,CDKN2A_del	0.009901
Dactolisib	PI3K (Class 1), MTORC1, MTORC2, MTOR	2	combined2	64.50419	DNAH8_mut	CDKN2A_del	0.009901
Dactolisib	PI3K (Class 1), MTORC1, MTORC2, MTOR	3	combined2	76.026671	CSPG4_mut,CSGALNACT1_del	CDKN2A_del	0.009901
Dactolisib	PI3K (Class 1), MTORC1, MTORC2, MTOR	5	combined2	90.29168	HDAC3_mut,RB1_mut,LPL_del	CDK4_mut,CDKN2A_del	0.009901
Daporinad	NAMPT 	3	combined	67.951468	SMG1_mut,PPP2R2A_del	RPL22_mut	0.009901
Daporinad	NAMPT 	5	combined	82.833278	CLU_del,SMAD4_del	CTCF_mut,ALB_mut,MYC_amp	0.009901
Daporinad	NAMPT 	3	combined2	78.797544	ADAM22_amp	TJP1_mut,PRKCE_mut	0.009901
Daporinad	NAMPT 	4	combined2	85.521421	ADAM22_amp	CTBP1_mut,TJP1_mut,CTNNB1_del	0.009901
Daporinad	NAMPT 	5	combined2	87.759288	ADAM22_amp	NOTCH1_mut,MYC_mut,GSK3B_mut,MYC_amp	0.009901
Dasatinib	ABL, SRC, Ephrins, PDGFR, KIT, ABL1, PDGFRB	5	combined	61.275573	PPP2R3B_mut,RB1_mut	E2F1_mut,CDKN2A_del,ETS1_del	0.009901
Dasatinib	ABL, SRC, Ephrins, PDGFR, KIT, ABL1, PDGFRB	5	combined2	62.320838	UTRN_mut,ARHGAP9_mut,RHOA_mut	CDKN2A_del,ETS1_del	0.009901
DMOG	HIF-PH	5	combined	76.391837	APC_mut,GSK3B_del,SMAD4_del	CCND3_mut,CDKN2A_del	0.009901
Docetaxel	Microtubule stabiliser, MAP2, MAP4, MAPT, NR1I2	5	combined	84.065627	UBC_mut,EZH2_mut,FDFT1_mut,HSD17B7_amp	CDKN2A_del	0.009901
Docetaxel	Microtubule stabiliser, MAP2, MAP4, MAPT, NR1I2	5	combined2	86.444748	SREBF2_mut,LSS_mut,HSD17B7_amp	MDM2_mut,CDKN2A_del	0.009901
Doramapimod	p38, JNK2, MAPK9, MAPK14	5	combined	71.352984	FN1_mut,STAT3_mut	SOS1_mut,JAK2_del,TIMP1_del	0.019802
Doxorubicin	Anthracycline, DNMT1	3	combined	65.147913	TP53_mut	TRIM24_mut,CDKN2A_del	0.019802
EHT-1864	RAC1, RAC2, RAC3	5	combined	72.339868	TP53_mut	UBC_mut,GRIN2A_mut,CDK5_del,FYN_del	0.039604
Elesclomol	HSP90, HSP90AA1, HSP90AB1	5	combined	73.694876	TNRC6B_mut,UBC_mut,TP73_del	TFDP1_mut,CDKN2A_del	0.009901
Elesclomol	HSP90, HSP90AA1, HSP90AB1	5	combined2	85.154156	DNAH6_mut,PAFAH1B1_del,KLHL21_del	TFDP1_mut,CDKN2A_del	0.009901
Embelin	XIAP	5	combined	77.658618	CBX4_mut,RB1_mut,PPARA_del	HSP90AA1_mut,CDKN2A_del	0.009901
Embelin	XIAP	3	combined2	73.633186	UTRN_mut,UBE3C_del	CDKN2A_del	0.009901
Enzastaurin	PKCB, PRKCB	4	combined2	80.766198	MXD1_amp	KRAS_mut,NRAS_mut,ERBB2_amp	0.009901
Erlotinib	EGFR	4	combined	39.417339	CREBBP_mut,NCOR1_del	HDAC10_mut,SMAD4_del	0.009901
Etoposide	TOP2A, TOP2B	2	combined	62.315747	TP53_mut	CDKN2A_del	0.009901
Etoposide	TOP2A, TOP2B	4	combined	74.500316	TP53_mut	MYC_mut,HDAC9_mut,GSK3B_mut	0.009901
Etoposide	TOP2A, TOP2B	5	combined	78.254737	TP53_mut	MYC_mut,HDAC9_mut,RAC1_mut,CDH1_del	0.009901
Fedratinib	JAK2	3	combined	72.712276	ADAM22_amp	NRAS_mut,YWHAB_mut	0.009901
Fedratinib	JAK2	4	combined	83.872141	TP53_mut	MYC_mut,NRAS_mut,KIT_mut	0.009901
Fedratinib	JAK2	5	combined	88.067172	STK11_mut,SMAD4_del	MYC_mut,NRAS_mut,KIT_mut	0.009901
Fedratinib	JAK2	3	combined2	89.246482	ADAM22_amp	MAP3K5_mut,MINK1_del	0.009901
Fedratinib	JAK2	4	combined2	98.09671	ADAM22_amp	MYC_mut,NRAS_mut,KIT_mut	0.009901
FH535	PPARgamma, PPARdelta, PPARG, PPARD	4	combined	61.619406	RB1_mut	BRCA1_mut,FANCA_mut,SMARCA4_del	0.019802
FMK	RSK, RPS6KA1	4	combined	68.741379	TP53_mut	KRAS_mut,NRAS_mut,IGF1R_del	0.019802
FR-180204	ERK1, ERK2, MAPK3, MAPK1	2	combined	64.311876	TP53_mut	NOTCH1_mut	0.009901
FR-180204	ERK1, ERK2, MAPK3, MAPK1	3	combined	69.259939	TP53_mut	BRCA2_mut,RAD51B_mut	0.009901
FR-180204	ERK1, ERK2, MAPK3, MAPK1	4	combined2	82.82403	TP53_mut	KIF26A_mut,SEC31A_mut,HLA-DRB1_del	0.009901
FTI-277	Farnesyl-transferase (FNTA)	3	combined	67.955537	MUC4_mut	HSPA4_mut,ERBB2_amp	0.009901
FTI-277	Farnesyl-transferase (FNTA)	2	combined2	70.936905	MUC4_mut	CDKN2A_del	0.009901
FTI-277	Farnesyl-transferase (FNTA)	3	combined2	73.171553	MUC4_mut	MYB_mut,GATA1_del	0.009901
FTI-277	Farnesyl-transferase (FNTA)	4	combined2	81.736761	MUC4_mut	VHL_mut,MYB_mut,EP300_del	0.009901
FTI-277	Farnesyl-transferase (FNTA)	5	combined2	86.833493	MUC4_mut	OR10G2_mut,OR2L13_mut,OR2T11_del,OR4E2_del	0.009901
Gefitinib	EGFR	5	combined	79.697813	BRAF_mut,KRAS_mut	PIK3CA_mut,EGFR_amp,ARAF_del	0.009901
Gefitinib	EGFR	5	combined2	82.301272	BRAF_mut,KRAS_mut	EGFR_mut,CDKN2A_mut,CCND1_amp	0.009901
Gemcitabine	Pyrimidine antimetabolite, RRM1, TYMS, CMPK1	5	combined	82.014595	RB1_mut,MCM5_mut,CDK4_amp,ORC3_del	CDKN2A_del	0.009901
Gemcitabine	Pyrimidine antimetabolite, RRM1, TYMS, CMPK1	2	combined2	69.146653	FLG_mut	CDKN2A_del	0.009901
Gemcitabine	Pyrimidine antimetabolite, RRM1, TYMS, CMPK1	3	combined2	75.450236	OR5F1_mut,OR4C11_del	CDKN2A_del	0.009901
Gemcitabine	Pyrimidine antimetabolite, RRM1, TYMS, CMPK1	4	combined2	81.946974	OR52H1_mut,OR2T10_del,OR2A4_del	CDKN2A_del	0.009901
Genentech Cpd 10	AURKA, AURKB	2	combined	55.513573	MUC16_mut	MUC5B_mut	0.009901
Genentech Cpd 10	AURKA, AURKB	5	combined2	98.299458	MUC16_mut,GALNT11_del	MAP3K5_mut,PARK7_del,MINK1_del	0.009901
GSK1070916	AURKA, AURKC	2	combined	60.774135	MUC16_mut	MUC5B_mut	0.009901
GSK1070916	AURKA, AURKC	2	combined2	78.459664	MUC16_mut	PRSS1_del	0.009901
GSK1070916	AURKA, AURKC	5	combined2	94.226575	MUC16_mut	MYC_mut,NRAS_mut,KIT_mut,PIK3R1_del	0.009901
GSK269962A (1)	ROCK1, ROCK2	5	combined	51.355361	TP53_mut	MYC_mut,PTPN11_mut,HSPA4_mut,NF1_del	0.009901
GSK269962A (2)	ROCK1, ROCK2	5	combined	77.169742	CHD9_mut,SMAD4_del	PTEN_mut,PPARG_del,NCOR1_del	0.039604
GSK650394	SGK2, SGK3	3	combined2	72.002347	ADAM22_amp	CDK5RAP3_mut,CDKN2A_del	0.009901
GSK650394	SGK2, SGK3	4	combined2	82.382542	ADAM22_amp	CTNNB1_mut,PTPRB_mut,MYC_amp	0.009901
GSK650394	SGK2, SGK3	5	combined2	83.585441	ADAM22_amp	PML_mut,SIRT1_mut,MYC_amp,EP300_del	0.009901
GSK690693	AKT1, AKT2, AKT3	3	combined	81.048466	CDKN2A_del	PTEN_mut,CDKN1B_del	0.009901
GSK690693	AKT1, AKT2, AKT3	4	combined	86.271139	STK11_mut,SMAD4_del	PTEN_mut,CDKN1B_del	0.009901
GSK690693	AKT1, AKT2, AKT3	5	combined	93.825582	BRAF_mut,KRAS_mut,YWHAG_del	PTEN_mut,CDKN1B_del	0.009901
GSK690693	AKT1, AKT2, AKT3	2	combined2	71.291866	MUC16_mut	ARID1A_mut	0.009901
GSK690693	AKT1, AKT2, AKT3	4	combined2	93.543788	MUC16_mut	PTEN_mut,PSMD3_amp,CDKN1B_del	0.009901
GSK690693	AKT1, AKT2, AKT3	5	combined2	103.694047	BRAF_mut,MBP_del,MAPK1_del	PTEN_mut,CDKN1B_del	0.009901
GW441756	NTRK1	4	combined	62.794361	TP53_mut	TNRC6B_mut,SMYD2_mut	0.049505
HG-5-113-01	LOK, LTK, TRCB, ABL(T315I), ABL1, STK10, TYK1 	2	combined	39.925705	TP53_mut	CDKN2A_del	0.009901
HG6-64-1	BRAF	3	combined	88.516949	TP53_mut	ANKRD2_mut,CDKN2A_del	0.009901
HG6-64-1	BRAF	4	combined	90.693827	TP53_mut	CCND3_mut,VDR_mut,CDKN2A_del	0.009901
HG6-64-1	BRAF	5	combined	93.595506	TP53_mut	CCND3_mut,GSK3B_mut,MAX_mut,CDKN2A_del	0.009901
HG6-64-1	BRAF	5	combined2	93.156643	TP53_mut,SERPINE1_mut	CCND3_mut,CDKN2A_del,SUZ12_del	0.009901
I-BET-762	BRD2, BRD3, BRD4	2	combined	73.460119	TTN_mut	TLN1_mut	0.009901
I-BET-762	BRD2, BRD3, BRD4	4	combined	92.552523	TP53_mut	MYC_mut,NRAS_mut,KIT_mut	0.009901
I-BET-762	BRD2, BRD3, BRD4	5	combined	106.056209	STK11_mut,CCND1_amp,SMAD4_del	MYC_mut,NRAS_mut	0.009901
I-BET-762	BRD2, BRD3, BRD4	3	combined2	100.530925	TTN_mut	MAP3K5_mut,MINK1_del	0.009901
I-BET-762	BRD2, BRD3, BRD4	4	combined2	116.605819	TTN_mut	MYC_mut,NRAS_mut,KIT_mut	0.009901
Idelalisib	PI3Kdelta, PIK3CD	4	combined	80.825753	MUC16_mut	ST3GAL3_mut,CHST6_mut,ST3GAL4_del	0.009901
Idelalisib	PI3Kdelta, PIK3CD	5	combined	85.795345	PIK3CA_mut,RB1_mut,CCND1_amp	MYC_mut,CDKN1B_del	0.009901
Idelalisib	PI3Kdelta, PIK3CD	5	combined2	110.2345	MUC16_mut	MYC_mut,NFKB1_mut,CDC16_mut,CDKN1B_del	0.009901
IPA-3	PAK1	5	combined2	88.636817	AGRN_mut	MYC_mut,NRAS_mut,RAC1_mut,CCND1_mut	0.009901
Ispinesib Mesylate	KSP, CDH16	2	combined2	74.945814	ADAM22_amp	MACF1_mut	0.009901
Ispinesib Mesylate	KSP, CDH16	5	combined2	94.416184	YWHAB_mut,ADAM22_amp	MAP3K5_mut,MINK1_del,USP9X_del	0.009901
JNK Inhibitor VIII	JNK, MAPK8	5	combined	84.164973	LAMA2_mut,RAC1_mut	SOS1_mut,NGFR_mut,LAMA3_del	0.009901
JNK-9L	JNK2, JNK3, MAPK9, MAPK10	4	combined	73.070617	TP53_mut	NRAS_mut,IGF1R_mut,MYB_mut	0.009901
JNK-9L	JNK2, JNK3, MAPK9, MAPK10	5	combined	81.614663	TP53_mut	NDN_mut,MYC_mut,RAC1_mut,NGFR_mut	0.009901
JQ1 (1)	BRD2, BRD3, BRD4, BRDT	4	combined2	72.447739	ADAM22_amp	MYC_mut,SRC_mut,TLR3_del	0.049505
JW-7-24-1	LCK	4	combined	74.357737	STK11_mut,SMAD4_del	MYC_mut,NCOR1_del	0.009901
JW-7-24-1	LCK	5	combined	85.977052	STK11_mut,IL2RG_mut,SMAD4_del	MYC_mut,NRAS_mut	0.009901
JW-7-24-1	LCK	3	combined2	80.109235	TTN_mut	MAP3K5_mut,MINK1_del	0.009901
JW-7-24-1	LCK	5	combined2	88.38428	STK11_mut,PARP1_mut,SMAD4_del	MAP3K5_mut,MINK1_del	0.009901
JW-7-52-1	MTOR	3	combined	35.847757	RB1_mut,MYCN_amp	CDKN2A_del	0.029703
KIN001-236	Angiopoietin-1 receptor, TEK	5	combined	73.541456	PIK3CA_mut,CTTN_amp,CTNNB1_del	MYC_mut,TJP1_mut	0.039604
KIN001-236	Angiopoietin-1 receptor, TEK	4	combined2	78.05062	TTN_mut	MYC_mut,CKAP4_mut,UBC_mut	0.039604
KIN001-244	PDK1 (PDPK1)	4	combined	71.673172	TTN_mut	TLN1_mut,CRKL_mut	0.009901
KIN001-244	PDK1 (PDPK1)	4	combined2	85.803686	TTN_mut	MYC_mut,NRAS_mut,KIT_mut	0.009901
KIN001-260	IKKB, IKBKB	2	combined	64.009033	TTN_mut	DMD_mut	0.009901
KIN001-260	IKKB, IKBKB	5	combined	82.696483	PIK3CA_mut,SMAD4_del	MYC_mut,NFKB1_mut,JUN_mut	0.009901
KIN001-260	IKKB, IKBKB	2	combined2	71.70709	TTN_mut	KTN1_del	0.009901
KIN001-260	IKKB, IKBKB	3	combined2	81.440286	TTN_mut	MYC_mut,NFKB1_mut	0.009901
KIN001-260	IKKB, IKBKB	4	combined2	93.908659	TTN_mut	MYC_mut,CCM2_mut,RAC1_mut	0.009901
KIN001-270	CDK9	4	combined	73.984398	KRAS_mut,CCND1_amp,STK11_del	MYC_mut	0.009901
KIN001-270	CDK9	5	combined	83.954538	KRAS_mut,STK11_del,TEK_del	MYC_mut,STAT5B_mut	0.009901
KIN001-270	CDK9	3	combined2	86.438438	TTN_mut	MYC_mut,SMARCA2_mut	0.009901
KIN001-270	CDK9	5	combined2	93.728065	TTN_mut	MYC_mut,STAT5B_mut,IL4R_mut,PIK3R1_del	0.009901
Lapatinib	ERBB2, EGFR	5	combined	48.373805	CREBBP_mut,MEF2C_del	CTNNA2_mut,BNIP2_mut,SMAD4_del	0.029703
Lestauritinib	FLT3, JAK2, NTRK1, NTRK2, NTRK3	3	combined	90.119934	TP53_mut	NRAS_mut,CABIN1_mut	0.009901
Lestauritinib	FLT3, JAK2, NTRK1, NTRK2, NTRK3	4	combined	92.795661	TP53_mut	NRAS_mut,IGF1R_mut,WT1_mut	0.009901
Lestauritinib	FLT3, JAK2, NTRK1, NTRK2, NTRK3	5	combined	102.027105	TP53_mut	ICAM1_mut,SHC1_mut,CD44_mut,NRAS_mut	0.009901
Lestauritinib	FLT3, JAK2, NTRK1, NTRK2, NTRK3	2	combined2	74.819154	TP53_mut	LAMB2_mut	0.009901
Lestauritinib	FLT3, JAK2, NTRK1, NTRK2, NTRK3	5	combined2	95.168101	TP53_mut	CSF2RA_mut,SHC1_mut,NRAS_mut,LYN_mut	0.009901
LFM-A13	BTK	3	combined2	69.113172	MUC16_mut	GYS2_mut,AGL_del	0.019802
Linifanib	VEGFR1, VEGFR2, VEGFR3, CSF1R, FLT3, KIT, FLT1, KDR, FLT4	4	combined	72.778475	TP53_mut	SHC1_mut,IGF1R_mut,CBL_mut	0.039604
Linsitinib	IGF1R	3	combined	76.434881	PTEN_mut,PLCB1_mut	KRAS_mut	0.009901
Linsitinib	IGF1R	5	combined	86.676588	PTEN_mut,MAPK8_mut,ERBB2_amp,PTEN_del	KRAS_mut	0.009901
Linsitinib	IGF1R	2	combined2	69.244884	MUC4_mut	KRAS_mut	0.009901
Linsitinib	IGF1R	4	combined2	82.191899	PTEN_mut,MAPK8_mut,GNAI1_mut	KRAS_mut	0.009901
Luminespib	HSP90, HSP90AA1, HSP90AB1	4	combined	75.817883	RB1_mut,HDAC2_del	SP1_mut,CDKN2A_del	0.009901
Luminespib	HSP90, HSP90AA1, HSP90AB1	5	combined	82.071976	RB1_mut,CCNB1_mut,ORC3_del	SP1_mut,CDKN2A_del	0.009901
Luminespib	HSP90, HSP90AA1, HSP90AB1	3	combined2	74.746993	ADAM22_amp	SP1_mut,CDKN2A_del	0.009901
Masitinib	KIT, PDGFRA, PDGFRB	5	combined2	85.594667	ADAM22_amp	SHC1_mut,SRC_mut,CBL_mut,DLG4_del	0.029703
Methotrexate	Antimetabolite	3	combined	66.466714	SMAD4_del	FAT1_mut,MYC_mut	0.009901
Methotrexate	Antimetabolite	5	combined	79.53095	PIK3CA_mut,SMAD4_del	MYC_mut,NR3C1_mut,MYC_amp	0.009901
Midostaurin	PKC, PPK, FLT1, c-FGR, others, GJB2, FGR	3	combined	96.939289	TP53_mut	DYRK2_mut,CDKN2A_del	0.009901
Midostaurin	PKC, PPK, FLT1, c-FGR, others, GJB2, FGR	5	combined	105.56253	KRAS_mut,RB1_mut,ERBB2_amp,CCND1_amp	CDKN2A_del	0.009901
Midostaurin	PKC, PPK, FLT1, c-FGR, others, GJB2, FGR	5	combined2	104.921376	CDKN2A_mut,RB1_mut,CCND2_mut,TFDP1_del	CDKN2A_del	0.009901
Mitomycin-C	DNA crosslinker	2	combined2	60.868804	ADAM22_amp	CDKN2A_del	0.039604
Mitomycin-C	DNA crosslinker	5	combined2	80.169346	OR51D1_mut,OR10Q1_mut,OR4C11_del,OR10G2_del	CDKN2A_del	0.039604
MPS-1-IN-1	MPS1, IDUA	2	combined	62.932229	TTN_mut	BRPF3_mut	0.009901
MPS-1-IN-1	MPS1, IDUA	3	combined	70.770811	TTN_mut	TLN1_mut,ILK_mut	0.009901
MPS-1-IN-1	MPS1, IDUA	2	combined2	70.432349	TTN_mut	KTN1_del	0.009901
MPS-1-IN-1	MPS1, IDUA	4	combined2	82.396104	TTN_mut	DNMT1_mut,SUV39H1_del,TP53_del	0.009901
Navitoclax	BCL2, BCL-XL, BCL-W, BCL2L1, BCL2L5	5	combined	74.798629	TP53_mut	DNMT1_mut,GSK3B_mut,RB1_mut,CDK5_del	0.009901
NG-25	TAK1, MAP4K2,  MAP3K7	5	combined	77.136148	APC_mut,SMAD4_del	MYC_mut,PPP2R5D_mut,MAPK7_del	0.019802
NG-25	TAK1, MAP4K2,  MAP3K7	4	combined2	83.394096	TTN_mut	ASXL1_mut,MYC_mut,BMI1_mut	0.019802
NPK76-II-72-1	PLK3	3	combined	75.656463	YWHAB_mut,ADAM22_amp	NRAS_mut	0.009901
NPK76-II-72-1	PLK3	2	combined2	81.83309	ADAM22_amp	PRSS1_del	0.009901
NPK76-II-72-1	PLK3	5	combined2	98.608516	CACNG2_mut,ADAM22_amp	MAP3K5_mut,PARK7_del,MINK1_del	0.009901
NSC-207895	MDM4	4	combined	79.136216	E2F2_mut,CDKN2A_del	MYC_mut,RB1_mut	0.009901
NSC-207895	MDM4	5	combined	85.111118	KRAS_mut,ERBB2_amp,CCND1_amp	MYC_mut,RB1_mut	0.009901
Nutlin-3a (-)	MDM2	5	combined	215.664509	TP53_mut,JUN_mut	CTNNB1_mut,IRF3_mut,CDKN2A_del	0.009901
Nutlin-3a (-)	MDM2	5	combined2	214.77673	TP53_mut	ABL1_mut,CCND1_mut,MYCN_amp,CDKN2A_del	0.009901
NVP-BHG712	EPHB4	4	combined	75.763581	TP53_mut	MYC_mut,SHC1_mut,ITGB1_mut	0.009901
NVP-BHG712	EPHB4	5	combined	88.525806	TP53_mut,YWHAB_mut	BRAF_mut,SHC1_mut,NRAS_mut	0.009901
NVP-BHG712	EPHB4	5	combined2	90.918073	YWHAB_mut,ADAM22_amp	BRAF_mut,SHC1_mut,NRAS_mut	0.009901
NVP-TAE684	ALK	1	combined2	25.217672	TTN_mut		0.009901
Obatoclax Mesylate	BCL2, BCL-XL, BCL-W, MCL1	5	combined2	76.014224	OR5F1_mut,OR4C16_del,OR10G2_del	SETD1B_mut,CXXC1_del	0.039604
Olaparib (1)	PARP1, PARP2	3	combined	62.735777	TP53_mut	CDKN2A_del,PCBP4_del	0.029703
Olaparib (1)	PARP1, PARP2	5	combined	74.024063	NCOA1_mut,SMAD4_del,TP53_del	CDKN2A_del,PPARG_del	0.029703
Omipalisib	PI3K (class 1), MTORC1, MTORC2, MTOR	2	combined	54.246484	TTN_mut	TLN1_mut	0.019802
OSI-027	MTORC1, MTORC2, MTOR	5	combined	87.424109	STK11_mut,IL2RG_mut,SMAD4_del	MYC_mut,NRAS_mut	0.009901
OSI-027	MTORC1, MTORC2, MTOR	2	combined2	70.846779	ADAM22_amp	MINK1_del	0.009901
OSI-027	MTORC1, MTORC2, MTOR	4	combined2	87.272166	ADAM22_amp	MYC_mut,ITGB1_mut,GATA1_del	0.009901
OSI-027	MTORC1, MTORC2, MTOR	5	combined2	88.994144	ADAM22_amp	MYC_mut,SHC1_mut,ITGB1_mut,TP53_del	0.009901
OSU-03012	PDK1 (PDPK1)	3	combined	68.414375	UTRN_mut	SP1_mut,CDKN2A_del	0.009901
OSU-03012	PDK1 (PDPK1)	5	combined	78.840185	RB1_mut,PPARA_del,TFDP1_del	SP1_mut,CDKN2A_del	0.009901
OSU-03012	PDK1 (PDPK1)	2	combined2	75.132344	ADAM22_amp	NOTCH1_mut	0.009901
OSU-03012	PDK1 (PDPK1)	4	combined2	89.132257	ADAM22_amp	SP3_mut,SP1_mut,CDKN2A_del	0.009901
PAC-1	Procaspase-3, Procaspase-7	5	combined	77.224794	CDKN2A_mut,CCND1_amp	MYC_mut,EGFR_mut,ERBB2_amp	0.009901
PAC-1	Procaspase-3, Procaspase-7	5	combined2	84.883635	FLG_mut	MYC_mut,EGFR_mut,ERBB2_amp,ERBB4_del	0.009901
Palbociclib	CDK4, CDK6	5	combined	154.560069	RB1_mut,RB1_del	SP1_mut,MYCN_amp,CDKN2A_del	0.009901
Palbociclib	CDK4, CDK6	5	combined2	155.213431	RB1_mut,KDM1A_mut,RB1_del	MYCN_amp,CDKN2A_del	0.009901
Pazopanib	CSF1R, KIT,  PDGFRA, PDGFRB	3	combined	62.940951	KRAS_mut,UBC_mut	MTAP_del	0.029703
PD0325901	MEK1, MEK2, MAP2K1, MAP2K2	4	combined	130.051021	TP53_mut	BRAF_mut,KRAS_mut,NRAS_mut	0.009901
PD0325901	MEK1, MEK2, MAP2K1, MAP2K2	5	combined	136.029743	PTEN_mut,ERBB2_amp	BRAF_mut,KRAS_mut,NRAS_mut	0.009901
PD0325901	MEK1, MEK2, MAP2K1, MAP2K2	5	combined2	145.458714	MYC_mut,RB1_mut,ERBB2_amp	BRAF_mut,KRAS_mut	0.009901
Pelitinib	EGFR	4	combined	73.819169	RB1_mut,CCND1_amp	MYC_mut,EGFR_mut	0.009901
Pelitinib	EGFR	5	combined	90.906848	RB1_mut	MYC_mut,EGFR_mut,ERBB2_amp,CDKN1B_del	0.009901
Pelitinib	EGFR	5	combined2	99.460005	ADAM22_amp	MYC_mut,FOS_mut,EGFR_mut,CDKN1B_del	0.009901
Pevonedistat	NAE	3	combined	66.447362	TP53_mut	CASP8_mut,CDKN2A_del	0.009901
Pevonedistat	NAE	5	combined	70.190993	TP53_mut	CCNH_mut,HDAC2_mut,CDKN2A_del,EED_del	0.009901
PF-562271	FAK, FAK2, PTK2, PTK2B	3	combined	75.714263	TP53_mut	ICAM1_mut,CDKN2A_del	0.009901
PF-562271	FAK, FAK2, PTK2, PTK2B	4	combined	76.152316	TP53_mut	HDAC1_mut,CDKN2A_del,SUZ12_del	0.009901
PF-562271	FAK, FAK2, PTK2, PTK2B	4	combined2	79.362391	TP53_mut	MTF2_mut,CDKN2A_del,SUZ12_del	0.009901
PFI-1	BRD4	5	combined	76.188965	TP53_mut	MYC_mut,NRAS_mut,CCND1_mut,YWHAG_del	0.009901
PHA-793887	CDK2, CDK7, CDK5	4	combined	79.151286	TP53_mut	MYC_mut,NRAS_mut,KIT_mut	0.009901
PHA-793887	CDK2, CDK7, CDK5	5	combined	83.556481	CCND1_amp,JAK2_del	MYC_mut,NRAS_mut,KIT_mut	0.009901
PHA-793887	CDK2, CDK7, CDK5	3	combined2	94.189394	ADAM22_amp	MAP3K5_mut,MINK1_del	0.009901
PHA-793887	CDK2, CDK7, CDK5	5	combined2	107.4521	ADAM22_amp	MYC_mut,NRAS_mut,KIT_mut,IL2_del	0.009901
PI-103	PI3Kalpha, DAPK3, CLK4, PIM3, HIPK2, PIK3CA	2	combined	60.346337	TTN_mut	TLN1_mut	0.009901
PI-103	PI3Kalpha, DAPK3, CLK4, PIM3, HIPK2, PIK3CA	4	combined	77.20046	GLI3_mut,SMAD4_del	CREBBP_mut,MYC_mut	0.009901
PI-103	PI3Kalpha, DAPK3, CLK4, PIM3, HIPK2, PIK3CA	5	combined	84.469894	STK11_mut,SMAD3_mut,SMAD4_del	MYC_mut,NR3C1_mut	0.009901
PI-103	PI3Kalpha, DAPK3, CLK4, PIM3, HIPK2, PIK3CA	2	combined2	77.683276	TTN_mut	MINK1_del	0.009901
PI-103	PI3Kalpha, DAPK3, CLK4, PIM3, HIPK2, PIK3CA	3	combined2	87.637517	TTN_mut	EGR1_mut,MYC_mut	0.009901
PI-103	PI3Kalpha, DAPK3, CLK4, PIM3, HIPK2, PIK3CA	5	combined2	98.446007	TTN_mut	MYC_mut,NCSTN_mut,STAT5A_del,NCOR1_del	0.009901
Pictilisib (1)	PIK3C3, PIK3C2A, PIK3C2G, PIK3C2B, PIK3CA, PIK3CD, PIK3CB, PIK3CG	1	combined	37.933121	ADAM22_amp		0.029703
Pictilisib (2)	PIK3C3, PIK3C2A, PIK3C2G, PIK3C2B, PIK3CA, PIK3CD, PIK3CB, PIK3CG	3	combined	66.616302	AR_mut,PLCB1_mut	PIK3CA_mut	0.009901
Pictilisib (2)	PIK3C3, PIK3C2A, PIK3C2G, PIK3C2B, PIK3CA, PIK3CD, PIK3CB, PIK3CG	4	combined	69.562605	PLCB1_mut,GPR17_mut,PRKCD_del	PIK3CA_mut	0.009901
Pictilisib (2)	PIK3C3, PIK3C2A, PIK3C2G, PIK3C2B, PIK3CA, PIK3CD, PIK3CB, PIK3CG	5	combined	78.764574	PLCB1_mut,GPR17_mut,CCR1_del	PIK3CA_mut,SSTR4_mut	0.009901
PIK-93	PI3Kgamma, PIK3CG	5	combined	86.795545	TTN_mut	TLN1_mut,PXN_mut,SOD1_mut,SORBS1_del	0.009901
PIK-93	PI3Kgamma, PIK3CG	2	combined2	78.471262	TTN_mut	KTN1_del	0.009901
PIK-93	PI3Kgamma, PIK3CG	3	combined2	88.399875	TTN_mut	MYC_mut,EGFR_mut	0.009901
PIK-93	PI3Kgamma, PIK3CG	4	combined2	97.954594	TTN_mut	MYC_mut,GATA1_mut,ETV6_del	0.009901
PIK-93	PI3Kgamma, PIK3CG	5	combined2	99.99362	TTN_mut	MYC_mut,PSMC4_mut,CDKN1B_del,CDC6_del	0.009901
Piperlongumine	Induces reactive oxygen species	2	combined	62.177354	TP53_mut	CDKN2A_del	0.009901
Piperlongumine	Induces reactive oxygen species	4	combined	72.91892	SMAD4_mut,UBC_mut,EZH2_mut	CDKN2A_del	0.009901
Piperlongumine	Induces reactive oxygen species	5	combined2	83.090861	DMD_mut,UBC_mut,ITGB1_del,RHOA_del	CDKN2A_del	0.009901
PLX-4720 (1)	BRAF	2	combined	124.113053	KRAS_mut	BRAF_mut	0.009901
PLX-4720 (1)	BRAF	5	combined	147.64382	TP53_mut,NRAS_del	BRAF_mut,EGFR_amp,ARAF_del	0.009901
PLX-4720 (1)	BRAF	4	combined2	150.005571	TP53_mut	BRAF_mut,CRKL_mut,IL2RG_del	0.009901
PLX-4720 (2)	BRAF	2	combined	130.136191	KRAS_mut	BRAF_mut	0.009901
PLX-4720 (2)	BRAF	5	combined	153.965684	TP53_mut,FOS_mut,MAPK1_del	BRAF_mut,RAF1_del	0.009901
PLX-4720 (2)	BRAF	5	combined2	155.275688	TP53_mut,GNAZ_mut,MAPK1_del	BRAF_mut,RAF1_del	0.009901
Ponatinib	ABL, PDGFRA, VEGFR2, FGFR1, SRC, TIE2, FLT3, ABL1, KDR, TEK	2	combined2	68.001506	MUC16_mut	WIZ_mut	0.009901
QL-VIII-58	MTOR, ATR	5	combined	59.389254	KRAS_mut,MYCN_amp	CCND1_mut,CDKN2A_del,NRAS_del	0.009901
QL-X-138	BTK	4	combined	68.986991	HDAC9_mut,SMAD4_del	MEF2C_mut,MYC_mut	0.009901
QL-X-138	BTK	5	combined	81.345803	BRAF_mut,SMAD4_del,MAPK1_del	MYC_mut,NRAS_mut	0.009901
QL-X-138	BTK	5	combined2	89.645471	TG_mut,INS_del	MYC_mut,ITGB1_mut,MTA1_mut	0.009901
QL-XI-92	DDR1	4	combined	75.982058	TP53_mut	MYC_mut,CDKN2A_del,MAPK7_del	0.009901
QL-XI-92	DDR1	5	combined	84.79599	TP53_mut	MYC_mut,SHC1_mut,NRAS_mut,MAX_mut	0.009901
QL-XI-92	DDR1	3	combined2	78.309695	YWHAB_mut,ADAM22_amp	MTAP_del	0.009901
QL-XII-47	BTK, BMX	3	combined	59.380849	YWHAB_mut,ADAM22_amp	NRAS_mut	0.039604
QL-XII-47	BTK, BMX	5	combined2	79.521525	ADAM22_amp	MYC_mut,NRAS_mut,CCND1_mut,TP53_del	0.039604
QS11	ARFGAP1	5	combined2	81.566907	ADAM22_amp	PML_mut,CD44_mut,SP1_mut,MYC_amp	0.009901
Refametinib (1)	MEK1, MEK2, MAP2K1, MAP2K2	4	combined	135.878805	TP53_mut	BRAF_mut,KRAS_mut,NRAS_mut	0.009901
Refametinib (1)	MEK1, MEK2, MAP2K1, MAP2K2	5	combined	142.148371	PTEN_mut,ERBB2_amp	BRAF_mut,KRAS_mut,NRAS_mut	0.009901
Refametinib (1)	MEK1, MEK2, MAP2K1, MAP2K2	5	combined2	146.437721	MYC_mut,RB1_mut,ERBB2_amp	BRAF_mut,KRAS_mut	0.009901
Refametinib (2)	MEK1, MEK2, MAP2K1, MAP2K2	4	combined	155.009469	TP53_mut	BRAF_mut,KRAS_mut,NRAS_mut	0.009901
Refametinib (2)	MEK1, MEK2, MAP2K1, MAP2K2	5	combined2	158.870975	MYC_mut,RB1_mut,ERBB2_amp	BRAF_mut,KRAS_mut	0.009901
Ruxolitinib	JAK1, JAK2	3	combined2	72.648026	ADAM22_amp	TERF2_mut,RAD50_mut	0.049505
Salubrinal	EIF2A	4	combined	43.059059	TP53_mut	MYC_mut,MTA1_mut,HDAC2_del	0.009901
Saracatinib	ABL, SRC	4	combined	44.872374	EZH2_mut,RB1_mut	E2F1_mut,CDKN2A_del	0.019802
SB216763	GSK3A, GSK3B	2	combined2	57.53345	PCLO_mut	ADAM22_amp	0.029703
SB590885	BRAF	2	combined	98.858872	KRAS_mut	BRAF_mut	0.009901
SB590885	BRAF	5	combined	137.766295	TP53_mut,MAPK3_mut	BRAF_mut,SHC2_mut,KRAS_amp	0.009901
SB590885	BRAF	5	combined2	139.673251	TP53_mut,HIF1A_del	BRAF_mut,SHC2_mut,KRAS_amp	0.009901
Seliciclib	CDK2, CDK7, CDK9	5	combined	46.184614	TP53_mut	MYC_mut,KAT2A_mut,GSK3B_mut,CDC6_del	0.009901
Selumetinib (1)	MEK1, MEK2, MAP2K1, MAP2K2	4	combined	86.062965	PTEN_mut,SPRY2_del	BRAF_mut,KRAS_mut	0.009901
Selumetinib (1)	MEK1, MEK2, MAP2K1, MAP2K2	5	combined	89.848916	PTEN_mut,CRKL_mut	BRAF_mut,KRAS_mut,IGF1R_del	0.009901
Selumetinib (1)	MEK1, MEK2, MAP2K1, MAP2K2	3	combined2	88.838681	RYR2_mut	BRAF_mut,KRAS_mut	0.009901
Selumetinib (1)	MEK1, MEK2, MAP2K1, MAP2K2	5	combined2	102.001641	SMARCA4_mut,RB1_mut,SMARCC1_del	BRAF_mut,KRAS_mut	0.009901
Selumetinib (2)	MEK1, MEK2, MAP2K1, MAP2K2	5	combined	155.818399	TP53_mut	BRAF_mut,KRAS_mut,MAP2K1_mut,NRAS_mut	0.009901
Selumetinib (2)	MEK1, MEK2, MAP2K1, MAP2K2	5	combined2	158.520007	MYC_mut,RB1_mut,ERBB2_amp	BRAF_mut,KRAS_mut	0.009901
Serdemetan	MDM2	3	combined	102.461142	TP53_mut	RPL5_mut,CDKN2A_del	0.009901
Serdemetan	MDM2	5	combined	106.851363	NCOR1_mut,RB1_mut,JUN_mut,LPL_del	CDKN2A_del	0.009901
Serdemetan	MDM2	3	combined2	100.20991	TP53_mut	CDKN2A_del,MOV10_del	0.009901
Serdemetan	MDM2	4	combined2	104.722516	TP53_mut	PCGF6_mut,CDKN2A_del,EZH2_del	0.009901
Serdemetan	MDM2	5	combined2	106.410998	NCOR1_mut,DGKH_del,LPL_del	CDKN2A_del,MOV10_del	0.009901
Shikonin	not defined	4	combined	69.785526	TP53_mut	ICAM1_mut,MYC_mut,RAC1_mut	0.009901
Shikonin	not defined	5	combined	76.378942	JAK2_mut,RB1_mut,SMARCA2_del	MYC_mut,RAC1_mut	0.009901
SN-38	TOP1, TOP2A, TOP2B	5	combined	107.542847	TP53_mut	TFDP1_mut,CSNK1A1_mut,CDKN2A_del,SFN_del	0.009901
SN-38	TOP1, TOP2A, TOP2B	3	combined2	99.20499	TP53_mut	ETS2_mut,CDKN2A_del	0.009901
SN-38	TOP1, TOP2A, TOP2B	4	combined2	103.123265	YWHAB_mut,ADAM22_amp,LATS2_del	CDKN2A_del	0.009901
SN-38	TOP1, TOP2A, TOP2B	5	combined2	106.529683	OR2T6_mut,OR2M2_mut,OR2L8_mut,OR4C15_del	CDKN2A_del	0.009901
SNX-2112	HSP90, HSP90AA1, HSP90AB1	3	combined	68.304065	TTN_mut	TLN1_mut,UBA1_del	0.009901
SNX-2112	HSP90, HSP90AA1, HSP90AB1	5	combined2	86.765555	CACNG2_mut,ADAM22_amp	NOTCH1_mut,MYC_mut,GATA1_del	0.009901
Sorafenib	PDGFR, KIT, VEGFR, RAF	4	combined2	47.58529	TTN_mut	ARAP2_mut,CBL_mut,CDC42_mut	0.039604
STF-62247	Autophagy inducer	3	combined	72.09058	TTN_mut	OFD1_mut,TUBA4A_mut	0.009901
Sunitinib	PDGFR, KIT, VEGFR, FLT3, RET, CSF1R	3	combined	47.626918	TP53_mut	NBN_mut,CDKN2A_del	0.009901
Sunitinib	PDGFR, KIT, VEGFR, FLT3, RET, CSF1R	3	combined2	47.259738	TTN_mut	EED_mut,CDKN2A_del	0.009901
T0901317	LXR, FXR, NR1H4, NR1H2, NR1H3	2	combined2	73.97968	ADAM22_amp	KTN1_del	0.009901
T0901317	LXR, FXR, NR1H4, NR1H2, NR1H3	3	combined2	81.097223	ADAM22_amp	MYC_mut,TLE1_mut	0.009901
T0901317	LXR, FXR, NR1H4, NR1H2, NR1H3	4	combined2	87.104894	ADAM22_amp	MYC_mut,GATA1_mut,MMP2_del	0.009901
TAK-715	p38alpha, p38beta, MAPK14, MAPK11	4	combined2	98.79866	ADAM22_amp	KIAA1524_mut,MYC_mut,MYB_mut	0.009901
Talazoparib	PARP1, PARP2	3	combined	72.964334	TP53_mut	CDKN2A_del,PPARG_del	0.009901
Talazoparib	PARP1, PARP2	4	combined	80.305593	TP53_mut	CREBBP_mut,KAT2A_del,HDAC2_del	0.009901
Tanespimycin	HSP90, HSP90AA1, HSP90AB1	4	combined	100.428365	MYC_mut,E2F2_mut,RB1_mut	CDKN2A_del	0.009901
Tanespimycin	HSP90, HSP90AA1, HSP90AB1	5	combined	109.069315	MYC_mut,POLA1_mut,RB1_mut	CCNA1_mut,CDKN2A_del	0.009901
Tanespimycin	HSP90, HSP90AA1, HSP90AB1	5	combined2	107.749631	MYC_mut,POLA1_mut,RB1_mut	SP1_mut,CDKN2A_del	0.009901
Temsirolimus	MTOR	5	combined	80.842103	BRCA1_mut,RB1_mut,CBX6_mut	PHC2_mut,CDKN2A_del	0.009901
Temsirolimus	MTOR	4	combined2	79.694072	BDP1_mut,RB1_mut,TBP_del	CDKN2A_del	0.009901
TGX221	PI3Kbeta, PIK3CB	2	combined2	42.686562	SYNE1_mut	MRPS27_amp	0.009901
THZ-2-102-1	CDK7	2	combined	58.283718	TTN_mut	TLN1_mut	0.009901
THZ-2-102-1	CDK7	4	combined2	89.776772	ADAM22_amp	MYC_mut,PIAS2_mut,MYC_amp	0.009901
THZ-2-102-1	CDK7	5	combined2	93.982349	ADAM22_amp	MYC_mut,STAT3_mut,MYC_amp,GATA1_del	0.009901
THZ-2-49	CDK9	4	combined	74.651059	RB1_mut,CCND1_amp	MYC_mut,CDKN2A_del	0.009901
TL-1-85	TAK, CDK9	4	combined2	85.73422	FLG_mut	DNM2_mut,SHC1_mut,CBL_mut	0.019802
TL-2-105	not defined	2	combined2	61.962012	MUC16_mut	MTAP_del	0.039604
Tozasertib	AURKA, AURKB, AURKC, others	4	combined	44.627508	TP53_mut	FOXO3_mut,MAPK14_mut,CDKN2A_del	0.009901
Tozasertib	AURKA, AURKB, AURKC, others	5	combined	48.527384	TP53_mut,SNW1_mut	MYC_mut,MAML3_mut,CDKN2A_del	0.009901
TPCA-1	IKK2,  IKBKB	3	combined	73.434206	TTN_mut	TLN1_mut,RHOA_del	0.009901
TPCA-1	IKK2,  IKBKB	5	combined	83.350588	RBL1_mut,CCND1_amp,SMAD4_del	MYC_mut,STAT5B_mut	0.009901
TPCA-1	IKK2,  IKBKB	5	combined2	96.354391	TTN_mut	MYC_mut,ONECUT1_mut,STAT5B_mut,KAT2B_del	0.009901
Trametinib	MEK1, MEK2, MAP2K1, MAP2K2	5	combined	137.076947	TP53_mut	BRAF_mut,KRAS_mut,NRAS_mut,MET_amp	0.009901
Trametinib	MEK1, MEK2, MAP2K1, MAP2K2	5	combined2	142.025588	LAMA3_mut,COL7A1_del	BRAF_mut,KRAS_mut,NRAS_mut	0.009901
Tretinoin	Retinoic acid 	3	combined	60.53015	MUC16_mut	GALNT7_mut,GALNT11_del	0.019802
Tretinoin	Retinoic acid 	2	combined2	63.355847	MUC16_mut	NPFFR2_mut	0.019802
Tubastatin A	HDAC1, HDAC6, HDAC8	3	combined	80.713441	TP53_mut	MYC_mut,NRAS_mut	0.009901
Tubastatin A	HDAC1, HDAC6, HDAC8	5	combined	96.01652	PIK3CA_mut,CCND1_amp,STK11_del	MYC_mut,NRAS_mut	0.009901
Tubastatin A	HDAC1, HDAC6, HDAC8	3	combined2	86.783804	TTN_mut	NRAS_mut,RHOA_del	0.009901
Tubastatin A	HDAC1, HDAC6, HDAC8	4	combined2	100.544768	TTN_mut	MYC_mut,NRAS_mut,KIT_mut	0.009901
TW 37	BCL2, BCL-XL, MCL1	2	combined	59.868412	NFATC1_del	CREBBP_mut	0.009901
TW 37	BCL2, BCL-XL, MCL1	3	combined	75.685048	MED1_amp,CTDP1_del	TRRAP_mut	0.009901
TW 37	BCL2, BCL-XL, MCL1	4	combined	77.496992	KRAS_mut,ERBB2_amp	PTEN_mut,CCND1_amp	0.009901
TW 37	BCL2, BCL-XL, MCL1	5	combined2	93.030881	PRKACA_mut,ADCY7_del,NFATC1_del	TRRAP_mut,MYCN_amp	0.009901
UNC0638 (1)	G9a and GLP methyltransferases	5	combined	87.731503	PIK3CA_mut,CCND1_amp,EFNB2_del	MYC_mut,NRAS_mut	0.009901
UNC1215	L3MBTL3	2	combined2	62.88003	HMCN1_mut	MRPS27_amp	0.049505
Veliparib	PARP1, PARP2	5	combined	71.485663	MYC_mut,TP53_del,WRN_del	NDRG1_mut,CDKN2A_del	0.049505
Vinblastine	Microtubule destabiliser	2	combined	64.620482	CDKN2AIP_del	CDKN2A_del	0.009901
Vinblastine	Microtubule destabiliser	4	combined	83.55064	SMAD3_mut,ACVR2A_mut,SMAD4_del	CDKN2A_del	0.009901
Vinblastine	Microtubule destabiliser	5	combined	89.153692	AR_mut,SMAD3_mut,SMAD4_del,ACVR2A_del	CDKN2A_del	0.009901
Vinblastine	Microtubule destabiliser	2	combined2	80.411595	SYNE1_mut	CDKN2A_del	0.009901
Vinblastine	Microtubule destabiliser	4	combined2	92.22791	OR1S2_mut,OR5AS1_mut,OR4C15_del	CDKN2A_del	0.009901
Vinblastine	Microtubule destabiliser	5	combined2	99.17769	OR13D1_mut,OR1S2_mut,OR9Q1_mut,OR4S2_del	CDKN2A_del	0.009901
Vorinostat	HDAC inhibitor Class I, IIa, IIb, IV, HDAC3, HDAC4, HDAC1, HDAC2, HDAC10, HDAC5, HDAC11, HDAC6, HDAC8, HDAC14	3	combined	67.392825	DACH1_mut,SMAD4_del	CREBBP_mut	0.009901
Vorinostat	HDAC inhibitor Class I, IIa, IIb, IV, HDAC3, HDAC4, HDAC1, HDAC2, HDAC10, HDAC5, HDAC11, HDAC6, HDAC8, HDAC14	4	combined	73.90156	BRCA1_mut,SMAD4_del	CREBBP_mut,MYC_mut	0.009901
Vorinostat	HDAC inhibitor Class I, IIa, IIb, IV, HDAC3, HDAC4, HDAC1, HDAC2, HDAC10, HDAC5, HDAC11, HDAC6, HDAC8, HDAC14	5	combined	82.029786	FGFR1_mut,SMAD4_del	MYC_mut,NRAS_mut,CCND1_mut	0.009901
Vorinostat	HDAC inhibitor Class I, IIa, IIb, IV, HDAC3, HDAC4, HDAC1, HDAC2, HDAC10, HDAC5, HDAC11, HDAC6, HDAC8, HDAC14	3	combined2	72.266731	ADAM22_amp	CREBBP_mut,MYC_mut	0.009901
Vorinostat	HDAC inhibitor Class I, IIa, IIb, IV, HDAC3, HDAC4, HDAC1, HDAC2, HDAC10, HDAC5, HDAC11, HDAC6, HDAC8, HDAC14	5	combined2	87.637085	CACNG2_mut,ADAM22_amp	MYC_mut,NRAS_mut,CCND1_mut	0.009901
VX-11e	ERK2, MAPK1	5	combined	139.893213	TP53_mut	BRAF_mut,KRAS_mut,NRAS_mut,MET_amp	0.009901
VX-11e	ERK2, MAPK1	5	combined2	137.930454	TP53_mut,EP300_del	BRAF_mut,KRAS_mut,NRAS_mut	0.009901
WH-4-023	SRC, LCK	3	combined	42.956382	PPP2R3B_mut,RB1_mut	CDKN2A_del	0.009901
WH-4-023	SRC, LCK	5	combined	50.149587	CDK4_mut,RB1_mut,RPA3_del	SPO11_mut,CDKN2A_del	0.009901
WH-4-023	SRC, LCK	2	combined2	41.135202	SYNE1_mut	CDKN2A_del	0.009901
WHI-P97	JAK3	4	combined2	87.473285	TTN_mut	EPS8_mut,CADM1_del,CASK_del	0.009901
WHI-P97	JAK3	5	combined2	87.650223	TTN_mut	ARHGAP40_mut,TRIO_mut,FGD1_del,ARHGAP20_del	0.009901
WIKI4		3	combined	63.945355	TTN_mut	TLN1_mut,UBA1_del	0.009901
WIKI4		2	combined2	72.598799	TTN_mut	MTAP_del	0.009901
WIKI4		4	combined2	84.999624	TTN_mut	MYC_mut,CDKN2A_del,MMP2_del	0.009901
WZ-1-84	BMX	4	combined	44.572734	RB1_mut,TP53_del	SP100_mut,CDKN2A_del	0.009901
WZ-1-84	BMX	2	combined2	42.322035	HMCN1_mut	CDKN2A_del	0.009901
WZ-1-84	BMX	4	combined2	51.163522	HMCN1_mut	PTK2B_mut,CBL_mut,JAK2_del	0.009901
WZ3105	SRC, ROCK2, NTRK2, FLT3, IRAK1, others	2	combined	56.526715	MUC16_mut	MUC5B_mut	0.009901
WZ3105	SRC, ROCK2, NTRK2, FLT3, IRAK1, others	4	combined	71.268234	MXD1_amp	DNMT1_mut,HDAC2_mut,RBBP7_del	0.009901
WZ3105	SRC, ROCK2, NTRK2, FLT3, IRAK1, others	5	combined	82.276344	MXD1_amp	DNMT1_mut,MAX_mut,RBBP7_del,TFDP1_del	0.009901
WZ3105	SRC, ROCK2, NTRK2, FLT3, IRAK1, others	4	combined2	92.32408	ADAM22_amp	MAP3K5_mut,PARK7_del,MINK1_del	0.009901
XAV939	TNKS1, TNKS2	4	combined2	79.799287	STAB2_mut	KRT14_mut,CREBBP_del,GATA1_del	0.029703
XMD13-2	RIPK1	4	combined2	81.226646	TTN_mut	CREBBP_mut,IFNB1_mut,MINK1_del	0.009901
XMD14-99	ALK, CDK7, LTK, others, TYK1	2	combined2	73.265159	TP53_mut	KTN1_del	0.009901
XMD15-27	CAMK2, CAMK2B	3	combined2	74.820064	MUC16_mut	MRI1_mut,MTAP_del	0.009901
XMD8-85	ERK5, BET,  MAPK7	4	combined	46.467268	TP53_mut	TFRC_mut,MYC_mut,TGFB1_mut	0.009901
XMD8-85	ERK5, BET,  MAPK7	5	combined	52.506699	TP53_mut,HNRNPK_del	HNRNPUL1_mut,MYC_mut,PRPF8_mut	0.009901
Y-39983	ROCK	4	combined	78.932753	TP53_mut	ICAM1_mut,MYC_mut,STAT5B_mut	0.009901
Y-39983	ROCK	5	combined	85.23479	TP53_mut	MYC_mut,NFKB1_mut,ESR1_mut,MSH2_del	0.009901
Y-39983	ROCK	4	combined2	95.074674	TTN_mut	MYC_mut,CRKL_mut,STAT5B_mut	0.009901
Y-39983	ROCK	5	combined2	97.984293	TTN_mut	ICAM1_mut,MYC_mut,STAT5B_mut,NFKB1_mut	0.009901
YK-4-279	RNA helicase A, DHX9	4	combined	65.931175	E2F5_mut,RB1_mut,CDK1_mut	CDKN2A_del	0.009901
YM201636	PYKFYVE	3	combined	68.604139	TTN_mut	TLN1_mut,ITGA1_mut	0.009901
YM201636	PYKFYVE	5	combined	75.57417	TTN_mut	TLN1_mut,TPM4_mut,MYL12B_del,RHOA_del	0.009901
Z-LLNle-CHO	gamma-secretase	4	combined2	46.990818	SYNE1_mut	ARHGAP28_mut,ARHGAP23_mut,RHOC_del	0.039604
ZM447439	AURKA, AURKB	4	combined	62.74437	TLE4_mut,SMAD4_del	CREBBP_mut,KAT2B_del	0.049505
ZM447439	AURKA, AURKB	5	combined	68.232226	TLE4_mut,MED26_mut,LPL_del	CREBBP_mut,KAT2B_del	0.049505
ZSTK474	PI3K (class 1)	2	combined	60.215812	TTN_mut	TLN1_mut	0.009901
ZSTK474	PI3K (class 1)	5	combined	85.291666	BRAF_mut,RB1_mut,MAPK1_del	MYC_mut,PRKCA_mut	0.009901
ZSTK474	PI3K (class 1)	4	combined2	95.901081	TTN_mut	MYC_mut,MAPK7_mut,CDKN1B_del	0.009901
